""	"dataset"	"spec"	"ionization"	"formula"	"smiles"	"inchikey"	"instrument"
"0"	"yee"	"LDY-1619"	"[M]+"	"C17H44O4Si4"	"na"	"na"	"GCxGC HRToFMS"
"1"	"yee"	"LDY-1988"	"[M]+"	"C17H44O4Si4"	"na"	"na"	"GCxGC HRToFMS"
"2"	"yee"	"LDY-3831"	"[M]+"	"C17H30O4Si"	"na"	"na"	"GCxGC HRToFMS"
"3"	"yee"	"LDY-5380"	"[M]+"	"C17H30O4Si"	"na"	"na"	"GCxGC HRToFMS"
"4"	"yee"	"LDY-6914"	"[M]+"	"C15H30O4Si2"	"na"	"na"	"GCxGC HRToFMS"
"5"	"yee"	"LDY-6915"	"[M]+"	"C13H24O3Si"	"na"	"na"	"GCxGC HRToFMS"
"6"	"yee"	"LDY-6916"	"[M]+"	"C16H32O4Si2"	"na"	"na"	"GCxGC HRToFMS"
"7"	"yee"	"LDY-6918"	"[M]+"	"C13H26O5Si2"	"na"	"na"	"GCxGC HRToFMS"
"8"	"yee"	"LDY-6922"	"[M]+"	"C10H22O4Si2"	"na"	"na"	"GCxGC HRToFMS"
"9"	"yee"	"LDY-6924"	"[M]+"	"C10H16O2"	"na"	"na"	"GCxGC HRToFMS"
"10"	"yee"	"LDY-6928"	"[M]+"	"C13H24O3Si"	"na"	"na"	"GCxGC HRToFMS"
"11"	"yee"	"LDY-6932"	"[M]+"	"C9H27O4PSi3"	"na"	"na"	"GCxGC HRToFMS"
"12"	"yee"	"LDY-6938"	"[M]+"	"C13H32O4Si3"	"na"	"na"	"GCxGC HRToFMS"
"13"	"yee"	"LDY-6944"	"[M]+"	"C12H14O4"	"na"	"na"	"GCxGC HRToFMS"
"14"	"yee"	"LDY-6945"	"[M]+"	"C12H36O4Si5"	"na"	"na"	"GCxGC HRToFMS"
"15"	"yee"	"LDY-6956"	"[M]+"	"C11H24O4Si2"	"na"	"na"	"GCxGC HRToFMS"
"16"	"yee"	"LDY-6968"	"[M]+"	"C12H32O3Si3"	"na"	"na"	"GCxGC HRToFMS"
"17"	"yee"	"LDY-6973"	"[M]+"	"C9H20O4Si2"	"na"	"na"	"GCxGC HRToFMS"
"18"	"yee"	"LDY-6975"	"[M]+"	"C15H30O4Si2"	"na"	"na"	"GCxGC HRToFMS"
"19"	"yee"	"LDY-6977"	"[M]+"	"C14H42O7Si7"	"na"	"na"	"GCxGC HRToFMS"
"20"	"yee"	"LDY-6988"	"[M]+"	"C13H30O5Si3"	"na"	"na"	"GCxGC HRToFMS"
"21"	"yee"	"LDY-7003"	"[M]+"	"C11H22O4Si2"	"na"	"na"	"GCxGC HRToFMS"
"22"	"yee"	"LDY-7017"	"[M]+"	"C12H26O2Si"	"na"	"na"	"GCxGC HRToFMS"
"23"	"yee"	"LDY-7036"	"[M]+"	"C10H16O2"	"na"	"na"	"GCxGC HRToFMS"
"24"	"yee"	"LDY-7073"	"[M]+"	"C11H24O2Si"	"na"	"na"	"GCxGC HRToFMS"
"25"	"yee"	"LDY-7078"	"[M]+"	"C10H14O2Si"	"na"	"na"	"GCxGC HRToFMS"
"26"	"yee"	"LDY-7079"	"[M]+"	"C16H36O5Si3"	"na"	"na"	"GCxGC HRToFMS"
"27"	"yee"	"LDY-7480"	"[M]+"	"C15H30O4Si2"	"na"	"na"	"GCxGC HRToFMS"
"28"	"yee"	"LDY-7481"	"[M]+"	"C13H24O3Si"	"na"	"na"	"GCxGC HRToFMS"
"29"	"yee"	"LDY-7484"	"[M]+"	"C16H32O4Si2"	"na"	"na"	"GCxGC HRToFMS"
"30"	"yee"	"LDY-7485"	"[M]+"	"C10H22O4Si2"	"na"	"na"	"GCxGC HRToFMS"
"31"	"yee"	"LDY-7496"	"[M]+"	"C12H14O4"	"na"	"na"	"GCxGC HRToFMS"
"32"	"yee"	"LDY-7506"	"[M]+"	"C10H16O2"	"na"	"na"	"GCxGC HRToFMS"
"33"	"yee"	"LDY-7511"	"[M]+"	"C11H24O4Si2"	"na"	"na"	"GCxGC HRToFMS"
"34"	"yee"	"LDY-7522"	"[M]+"	"C13H30O5Si3"	"na"	"na"	"GCxGC HRToFMS"
"35"	"yee"	"LDY-7526"	"[M]+"	"C15H30O4Si2"	"na"	"na"	"GCxGC HRToFMS"
"36"	"yee"	"LDY-7531"	"[M]+"	"C13H24O3Si"	"na"	"na"	"GCxGC HRToFMS"
"37"	"yee"	"LDY-7562"	"[M]+"	"C16H36O5Si3"	"na"	"na"	"GCxGC HRToFMS"
"38"	"yee"	"LDY-9773"	"[M]+"	"C15H24O2"	"na"	"na"	"GCxGC HRToFMS"
"39"	"yee"	"LDY-9774"	"[M]+"	"C20H38O4Si2"	"na"	"na"	"GCxGC HRToFMS"
"40"	"yee"	"LDY-9775"	"[M]+"	"C18H32SiO3"	"na"	"na"	"GCxGC HRToFMS"
"41"	"yee"	"LDY-9776"	"[M]+"	"C14H22O3"	"na"	"na"	"GCxGC HRToFMS"
"42"	"yee"	"LDY-9777"	"[M]+"	"C17H30O4Si"	"na"	"na"	"GCxGC HRToFMS"
"43"	"yee"	"LDY-9778"	"[M]+"	"C17H30O4Si"	"na"	"na"	"GCxGC HRToFMS"
"44"	"yee"	"LDY-9808"	"[M]+"	"C18H32SiO3"	"na"	"na"	"GCxGC HRToFMS"
"45"	"yee"	"LDY-9967"	"[M]+"	"C15H24O2"	"na"	"na"	"GCxGC HRToFMS"
"46"	"yee"	"LDY-10808"	"[M]+"	"C17H30O4Si"	"na"	"na"	"GCxGC HRToFMS"
"47"	"yee"	"LDY-10849"	"[M]+"	"C18H32O3Si"	"na"	"na"	"GCxGC HRToFMS"
"48"	"yee"	"LDY-15193"	"[M]+"	"C17H34O2Si"	"na"	"na"	"GCxGC HRToFMS"
"49"	"yee"	"LDY-16033"	"[M]+"	"C13H16O4Si"	"na"	"na"	"GCxGC HRToFMS"
"50"	"yee"	"LDY-16210"	"[M]+"	"C12H30O4Si3"	"na"	"na"	"GCxGC HRToFMS"
"51"	"yee"	"LDY-16318"	"[M]+"	"C11H16O2SSi"	"na"	"na"	"GCxGC HRToFMS"
"52"	"yee"	"LDY-16333"	"[M]+"	"C14H27O4Si"	"na"	"na"	"GCxGC HRToFMS"
"53"	"yee"	"LDY-16557"	"[M]+"	"C15H18OSi"	"na"	"na"	"GCxGC HRToFMS"
"54"	"yee"	"LDY-16564"	"[M]+"	"C16H22O4"	"na"	"na"	"GCxGC HRToFMS"
"55"	"yee"	"LDY-16582"	"[M]+"	"C25H50"	"na"	"na"	"GCxGC HRToFMS"
"56"	"yee"	"LDY-16644"	"[M]+"	"C19H38O5Si4"	"na"	"na"	"GCxGC HRToFMS"
"57"	"yee"	"LDY-16646"	"[M]+"	"C24H48O7Si4"	"na"	"na"	"GCxGC HRToFMS"
"58"	"yee"	"LDY-16648"	"[M]+"	"C14H26O4Si2"	"na"	"na"	"GCxGC HRToFMS"
"59"	"yee"	"LDY-16685"	"[M]+"	"C10H12O2"	"na"	"na"	"GCxGC HRToFMS"
"60"	"yee"	"LDY-16717"	"[M]+"	"C13H20O2Si"	"na"	"na"	"GCxGC HRToFMS"
"61"	"yee"	"LDY-16805"	"[M]+"	"C16H30O4Si3"	"na"	"na"	"GCxGC HRToFMS"
"62"	"yee"	"LDY-17525"	"[M]+"	"C26H52"	"na"	"na"	"GCxGC HRToFMS"
"63"	"yee"	"LDY-17535"	"[M]+"	"C17H34O2"	"na"	"na"	"GCxGC HRToFMS"
"64"	"yee"	"LDY-17812"	"[M]+"	"C12H28O2Si2"	"na"	"na"	"GCxGC HRToFMS"
"65"	"yee"	"LDY-17918"	"[M]+"	"C11H16O3Si"	"na"	"na"	"GCxGC HRToFMS"
"66"	"yee"	"LDY-18239"	"[M]+"	"C15H10"	"na"	"na"	"GCxGC HRToFMS"
"67"	"yee"	"LDY-18242"	"[M]+"	"C14H24O4Si2"	"na"	"na"	"GCxGC HRToFMS"
"68"	"yee"	"LDY-18271"	"[M]+"	"C15H26O3Si2"	"na"	"na"	"GCxGC HRToFMS"
"69"	"yee"	"LDY-18275"	"[M]+"	"C15H24O4Si"	"na"	"na"	"GCxGC HRToFMS"
"70"	"yee"	"LDY-18324"	"[M]+"	"C11H24O4Si2"	"na"	"na"	"GCxGC HRToFMS"
"71"	"yee"	"LDY-18390"	"[M]+"	"C10H16O2Si"	"na"	"na"	"GCxGC HRToFMS"
"72"	"yee"	"LDY-18419"	"[M]+"	"C17H14O"	"na"	"na"	"GCxGC HRToFMS"
"73"	"yee"	"LDY-18452"	"[M]+"	"C12H14O3Si"	"na"	"na"	"GCxGC HRToFMS"
"74"	"yee"	"LDY-18480"	"[M]+"	"C11H23NO3Si2"	"na"	"na"	"GCxGC HRToFMS"
"75"	"yee"	"LDY-18558"	"[M]+"	"C15H26O2Si2"	"na"	"na"	"GCxGC HRToFMS"
"76"	"yee"	"LDY-18580"	"[M]+"	"C15H12"	"na"	"na"	"GCxGC HRToFMS"
"77"	"yee"	"LDY-18595"	"[M]+"	"C13H24O2Si2"	"na"	"na"	"GCxGC HRToFMS"
"78"	"yee"	"LDY-18601"	"[M]+"	"C14H32O5Si3"	"na"	"na"	"GCxGC HRToFMS"
"79"	"yee"	"LDY-18704"	"[M]+"	"C32H58O2Si"	"na"	"na"	"GCxGC HRToFMS"
"80"	"yee"	"LDY-18726"	"[M]+"	"C13H24O2Si2"	"na"	"na"	"GCxGC HRToFMS"
"81"	"yee"	"LDY-18731"	"[M]+"	"C15H18N2OSi"	"na"	"na"	"GCxGC HRToFMS"
"82"	"yee"	"LDY-18739"	"[M]+"	"C16H28O3Si2"	"na"	"na"	"GCxGC HRToFMS"
"83"	"yee"	"LDY-18829"	"[M]+"	"C15H26O4Si2"	"na"	"na"	"GCxGC HRToFMS"
"84"	"yee"	"LDY-18855"	"[M]+"	"C19H38O4Si3"	"na"	"na"	"GCxGC HRToFMS"
"85"	"yee"	"LDY-18860"	"[M]+"	"C16H24O2Si2"	"na"	"na"	"GCxGC HRToFMS"
"86"	"yee"	"LDY-18896"	"[M]+"	"?C15H12"	"na"	"na"	"GCxGC HRToFMS"
"87"	"yee"	"LDY-18912"	"[M]+"	"C20H30O"	"na"	"na"	"GCxGC HRToFMS"
"88"	"yee"	"LDY-18928"	"[M]+"	"C20H52O5Si5"	"na"	"na"	"GCxGC HRToFMS"
"89"	"yee"	"LDY-18937"	"[M]+"	"C32H68OSi"	"na"	"na"	"GCxGC HRToFMS"
"90"	"yee"	"LDY-18938"	"[M]+"	"C14H10"	"na"	"na"	"GCxGC HRToFMS"
"91"	"yee"	"LDY-18939"	"[M]+"	"C29H48"	"na"	"na"	"GCxGC HRToFMS"
"92"	"yee"	"LDY-18940"	"[M]+"	"C12H18O4Si"	"na"	"na"	"GCxGC HRToFMS"
"93"	"yee"	"LDY-18955"	"[M]+"	"C22H54O6Si5"	"na"	"na"	"GCxGC HRToFMS"
"94"	"yee"	"LDY-18964"	"[M]+"	"C15H34O5Si3"	"na"	"na"	"GCxGC HRToFMS"
"95"	"yee"	"LDY-18965"	"[M]+"	"C21H40O2Si"	"na"	"na"	"GCxGC HRToFMS"
"96"	"yee"	"LDY-18966"	"[M]+"	"C9H14O3Si"	"na"	"na"	"GCxGC HRToFMS"
"97"	"yee"	"LDY-18967"	"[M]+"	"C15H34O5Si3"	"na"	"na"	"GCxGC HRToFMS"
"98"	"yee"	"LDY-18968"	"[M]+"	"C26H38O6Si2"	"na"	"na"	"GCxGC HRToFMS"
"99"	"yee"	"LDY-18969"	"[M]+"	"C12H20O3Si"	"na"	"na"	"GCxGC HRToFMS"
"100"	"yee"	"LDY-18970"	"[M]+"	"C12H6O3"	"na"	"na"	"GCxGC HRToFMS"
"101"	"yee"	"LDY-18972"	"[M]+"	"C21H42O2Si"	"na"	"na"	"GCxGC HRToFMS"
"102"	"yee"	"LDY-18973"	"[M]+"	"C19H40O2Si"	"na"	"na"	"GCxGC HRToFMS"
"103"	"yee"	"LDY-18974"	"[M]+"	"C16H14"	"na"	"na"	"GCxGC HRToFMS"
"104"	"yee"	"LDY-18975"	"[M]+"	"C23H38O2Si"	"na"	"na"	"GCxGC HRToFMS"
"105"	"yee"	"LDY-18976"	"[M]+"	"C16H10"	"na"	"na"	"GCxGC HRToFMS"
"106"	"yee"	"LDY-18977"	"[M]+"	"C15H30O3Si3"	"na"	"na"	"GCxGC HRToFMS"
"107"	"yee"	"LDY-18978"	"[M]+"	"C22H52O6Si5"	"na"	"na"	"GCxGC HRToFMS"
"108"	"yee"	"LDY-18979"	"[M]+"	"C12H22O2Si2"	"na"	"na"	"GCxGC HRToFMS"
"109"	"yee"	"LDY-18980"	"[M]+"	"C18H18"	"na"	"na"	"GCxGC HRToFMS"
"110"	"yee"	"LDY-18981"	"[M]+"	"C23H38O2Si"	"na"	"na"	"GCxGC HRToFMS"
"111"	"yee"	"LDY-18982"	"[M]+"	"C19H42O5Si4"	"na"	"na"	"GCxGC HRToFMS"
"112"	"yee"	"LDY-18983"	"[M]+"	"C26H40O5Si2"	"na"	"na"	"GCxGC HRToFMS"
"113"	"yee"	"LDY-18984"	"[M]+"	"C21H44O2Si"	"na"	"na"	"GCxGC HRToFMS"
"114"	"yee"	"LDY-18985"	"[M]+"	"C15H26O5Si2"	"na"	"na"	"GCxGC HRToFMS"
"115"	"yee"	"LDY-18986"	"[M]+"	"C11H18O3Si"	"na"	"na"	"GCxGC HRToFMS"
"116"	"yee"	"LDY-18987"	"[M]+"	"C14H24O4Si2"	"na"	"na"	"GCxGC HRToFMS"
"117"	"yee"	"LDY-18988"	"[M]+"	"C19H38O2Si"	"na"	"na"	"GCxGC HRToFMS"
"118"	"yee"	"LDY-18989"	"[M]+"	"C32H58OSi"	"na"	"na"	"GCxGC HRToFMS"
"119"	"yee"	"LDY-18990"	"[M]+"	"C22H34O4Si2"	"na"	"na"	"GCxGC HRToFMS"
"120"	"yee"	"LDY-18991"	"[M]+"	"C15H34O5Si3"	"na"	"na"	"GCxGC HRToFMS"
"121"	"yee"	"LDY-18992"	"[M]+"	"C12H22O2Si2"	"na"	"na"	"GCxGC HRToFMS"
"122"	"yee"	"LDY-18993"	"[M]+"	"C19H18OSi"	"na"	"na"	"GCxGC HRToFMS"
"123"	"yee"	"LDY-18999"	"[M]+"	"C27H56"	"na"	"na"	"GCxGC HRToFMS"
"124"	"yee"	"LDY-19000"	"[M]+"	"C29H60"	"na"	"na"	"GCxGC HRToFMS"
"125"	"yee"	"LDY-19001"	"[M]+"	"C30H62"	"na"	"na"	"GCxGC HRToFMS"
"126"	"yee"	"LDY-19002"	"[M]+"	"C31H64"	"na"	"na"	"GCxGC HRToFMS"
"127"	"yee"	"LDY-19007"	"[M]+"	"C27H58OSi"	"na"	"na"	"GCxGC HRToFMS"
"128"	"yee"	"LDY-19008"	"[M]+"	"C12H22O2Si2"	"na"	"na"	"GCxGC HRToFMS"
"129"	"yee"	"LDY-19009"	"[M]+"	"C18H12"	"na"	"na"	"GCxGC HRToFMS"
"130"	"yee"	"LDY-19010"	"[M]+"	"C16H26O4Si2"	"na"	"na"	"GCxGC HRToFMS"
"131"	"yee"	"LDY-19011"	"[M]+"	"C13H18O3Si"	"na"	"na"	"GCxGC HRToFMS"
"132"	"yee"	"LDY-19012"	"[M]+"	"C18H10"	"na"	"na"	"GCxGC HRToFMS"
"133"	"yee"	"LDY-19014"	"[M]+"	"C20H28O"	"na"	"na"	"GCxGC HRToFMS"
"134"	"yee"	"LDY-19015"	"[M]+"	"C23H36O2Si"	"na"	"na"	"GCxGC HRToFMS"
"135"	"yee"	"LDY-19016"	"[M]+"	"C15H34O5Si3"	"na"	"na"	"GCxGC HRToFMS"
"136"	"yee"	"LDY-19017"	"[M]+"	"C16H30O3Si2"	"na"	"na"	"GCxGC HRToFMS"
"137"	"yee"	"LDY-19018"	"[M]+"	"C16H10"	"na"	"na"	"GCxGC HRToFMS"
"138"	"yee"	"LDY-19019"	"[M]+"	"C20H42O2Si"	"na"	"na"	"GCxGC HRToFMS"
"139"	"yee"	"LDY-19020"	"[M]+"	"C23H48O2Si"	"na"	"na"	"GCxGC HRToFMS"
"140"	"yee"	"LDY-19021"	"[M]+"	"C15H28O3Si2"	"na"	"na"	"GCxGC HRToFMS"
"141"	"yee"	"LDY-19022"	"[M]+"	"C13H20O2Si"	"na"	"na"	"GCxGC HRToFMS"
"142"	"yee"	"LDY-19024"	"[M]+"	"C12H8O"	"na"	"na"	"GCxGC HRToFMS"
"143"	"yee"	"LDY-19025"	"[M]+"	"C15H12"	"na"	"na"	"GCxGC HRToFMS"
"144"	"yee"	"LDY-19026"	"[M]+"	"C23H50OSi"	"na"	"na"	"GCxGC HRToFMS"
"145"	"yee"	"LDY-19027"	"[M]+"	"C16H10O"	"na"	"na"	"GCxGC HRToFMS"
"146"	"yee"	"LDY-19028"	"[M]+"	"C11H16O2Si"	"na"	"na"	"GCxGC HRToFMS"
"147"	"yee"	"LDY-19029"	"[M]+"	"C13H22O3Si2"	"na"	"na"	"GCxGC HRToFMS"
"148"	"yee"	"LDY-19030"	"[M]+"	"C13H24O2Si2"	"na"	"na"	"GCxGC HRToFMS"
"149"	"yee"	"LDY-19031"	"[M]+"	"C15H24O3Si2"	"na"	"na"	"GCxGC HRToFMS"
"150"	"yee"	"LDY-19032"	"[M]+"	"C13H22O3Si2"	"na"	"na"	"GCxGC HRToFMS"
"151"	"yee"	"LDY-19033"	"[M]+"	"C12H21NO4Si2"	"na"	"na"	"GCxGC HRToFMS"
"152"	"yee"	"LDY-19034"	"[M]+"	"C9H14O3Si"	"na"	"na"	"GCxGC HRToFMS"
"153"	"yee"	"LDY-19035"	"[M]+"	"C23H34O3Si"	"na"	"na"	"GCxGC HRToFMS"
"154"	"yee"	"LDY-19036"	"[M]+"	"C21H28O3"	"na"	"na"	"GCxGC HRToFMS"
"155"	"yee"	"LDY-19037"	"[M]+"	"C13H8O"	"na"	"na"	"GCxGC HRToFMS"
"156"	"yee"	"LDY-19038"	"[M]+"	"C23H38O2Si"	"na"	"na"	"GCxGC HRToFMS"
"157"	"yee"	"LDY-19039"	"[M]+"	"C16H12"	"na"	"na"	"GCxGC HRToFMS"
"158"	"yee"	"LDY-19040"	"[M]+"	"C12H18O3Si"	"na"	"na"	"GCxGC HRToFMS"
"159"	"yee"	"LDY-19041"	"[M]+"	"C14H8O2"	"na"	"na"	"GCxGC HRToFMS"
"160"	"yee"	"LDY-19042"	"[M]+"	"C17H10O"	"na"	"na"	"GCxGC HRToFMS"
"161"	"yee"	"LDY-19043"	"[M]+"	"C20H12"	"na"	"na"	"GCxGC HRToFMS"
"162"	"yee"	"LDY-19044"	"[M]+"	"C16H10O"	"na"	"na"	"GCxGC HRToFMS"
"163"	"yee"	"LDY-19045"	"[M]+"	"C16H10O"	"na"	"na"	"GCxGC HRToFMS"
"164"	"yee"	"LDY-19046"	"[M]+"	"C12H8N2"	"na"	"na"	"GCxGC HRToFMS"
"165"	"yee"	"LDY-19047"	"[M]+"	"C20H12"	"na"	"na"	"GCxGC HRToFMS"
"166"	"yee"	"LDY-19048"	"[M]+"	"C20H12"	"na"	"na"	"GCxGC HRToFMS"
"167"	"yee"	"LDY-19049"	"[M]+"	"C10H16O2Si"	"na"	"na"	"GCxGC HRToFMS"
"168"	"yee"	"LDY-19050"	"[M]+"	"C10H22O4Si2"	"na"	"na"	"GCxGC HRToFMS"
"169"	"yee"	"LDY-19052"	"[M]+"	"C20H42"	"na"	"na"	"GCxGC HRToFMS"
"170"	"yee"	"LDY-19054"	"[M]+"	"C9H16O4Si"	"na"	"na"	"GCxGC HRToFMS"
"171"	"yee"	"LDY-19202"	"[M]+"	"C11H24O2Si"	"na"	"na"	"GCxGC HRToFMS"
"172"	"yee"	"LDY-19219"	"[M]+"	"C17H36"	"na"	"na"	"GCxGC HRToFMS"
"173"	"yee"	"LDY-19245"	"[M]+"	"C17H12"	"na"	"na"	"GCxGC HRToFMS"
"174"	"yee"	"LDY-19325"	"[M]+"	"C15H20O3"	"na"	"na"	"GCxGC HRToFMS"
"175"	"yee"	"LDY-19326"	"[M]+"	"C15H22O4Si2"	"na"	"na"	"GCxGC HRToFMS"
"176"	"yee"	"LDY-19601"	"[M]+"	"C15H22O2"	"na"	"na"	"GCxGC HRToFMS"
"177"	"yee"	"LDY-19640"	"[M]+"	"C12H26O4Si2"	"na"	"na"	"GCxGC HRToFMS"
"178"	"yee"	"LDY-19646"	"[M]+"	"C9H27O4PSi3"	"na"	"na"	"GCxGC HRToFMS"
"179"	"yee"	"LDY-19655"	"[M]+"	"C12H32O3Si3"	"na"	"na"	"GCxGC HRToFMS"
"180"	"yee"	"LDY-19692"	"[M]+"	"C13H28O2Si"	"na"	"na"	"GCxGC HRToFMS"
"181"	"yee"	"LDY-19699"	"[M]+"	"C10H26O3Si2"	"na"	"na"	"GCxGC HRToFMS"
"182"	"yee"	"LDY-19729"	"[M]+"	"C14H22O4Si2"	"na"	"na"	"GCxGC HRToFMS"
"183"	"yee"	"LDY-19772"	"[M]+"	"C10H16O2"	"na"	"na"	"GCxGC HRToFMS"
"184"	"yee"	"LDY-20103"	"[M]+"	"C15H30O4Si2"	"na"	"na"	"GCxGC HRToFMS"
"185"	"yee"	"LDY-20118"	"[M]+"	"C12H36O4Si5"	"na"	"na"	"GCxGC HRToFMS"
"186"	"yee"	"LDY-20120"	"[M]+"	"C8H12O2"	"na"	"na"	"GCxGC HRToFMS"
"187"	"yee"	"LDY-20131"	"[M]+"	"C11H24O4Si2"	"na"	"na"	"GCxGC HRToFMS"
"188"	"yee"	"LDY-20138"	"[M]+"	"C13H30O5Si3"	"na"	"na"	"GCxGC HRToFMS"
"189"	"yee"	"LDY-20156"	"[M]+"	"C9H20O4Si2"	"na"	"na"	"GCxGC HRToFMS"
"190"	"yee"	"LDY-20158"	"[M]+"	"C12H26O2Si"	"na"	"na"	"GCxGC HRToFMS"
"191"	"yee"	"LDY-20204"	"[M]+"	"C12H30O4Si3"	"na"	"na"	"GCxGC HRToFMS"
"192"	"yee"	"LDY-20232"	"[M]+"	"C11H18O3Si"	"na"	"na"	"GCxGC HRToFMS"
"193"	"yee"	"LDY-20233"	"[M]+"	"C10H14O2Si"	"na"	"na"	"GCxGC HRToFMS"
"194"	"yee"	"LDY-20247"	"[M]+"	"C12H22O2Si2"	"na"	"na"	"GCxGC HRToFMS"
"195"	"yee"	"LDY-20283"	"[M]+"	"C16H48O8Si8"	"na"	"na"	"GCxGC HRToFMS"
"196"	"yee"	"LDY-20302"	"[M]+"	"C15H34O5Si3"	"na"	"na"	"GCxGC HRToFMS"
"197"	"yee"	"LDY-20546"	"[M]+"	"C11H24O4Si2"	"na"	"na"	"GCxGC HRToFMS"
"198"	"yee"	"LDY-20547"	"[M]+"	"C14H32O5Si3"	"na"	"na"	"GCxGC HRToFMS"
"199"	"yee"	"LDY-20548"	"[M]+"	"C11H18O3Si"	"na"	"na"	"GCxGC HRToFMS"
"200"	"yee"	"LDY-20550"	"[M]+"	"C12H22O2Si2"	"na"	"na"	"GCxGC HRToFMS"
"201"	"yee"	"LDY-20551"	"[M]+"	"C13H32O4Si3"	"na"	"na"	"GCxGC HRToFMS"
"202"	"yee"	"LDY-20552"	"[M]+"	"C11H22O4Si2"	"na"	"na"	"GCxGC HRToFMS"
"203"	"yee"	"LDY-20553"	"[M]+"	"C13H24O2Si2"	"na"	"na"	"GCxGC HRToFMS"
"204"	"yee"	"LDY-20560"	"[M]+"	"C22H50O2Si2"	"na"	"na"	"GCxGC HRToFMS"
"205"	"yee"	"LDY-20561"	"[M]+"	"C12H26O2Si"	"na"	"na"	"GCxGC HRToFMS"
"206"	"yee"	"LDY-20562"	"[M]+"	"C12H22O2Si2"	"na"	"na"	"GCxGC HRToFMS"
"207"	"yee"	"LDY-20563"	"[M]+"	"C11H24O4Si2"	"na"	"na"	"GCxGC HRToFMS"
"208"	"yee"	"LDY-20566"	"[M]+"	"C32H68OSi"	"na"	"na"	"GCxGC HRToFMS"
"209"	"yee"	"LDY-20570"	"[M]+"	"C28H60OSi"	"na"	"na"	"GCxGC HRToFMS"
"210"	"yee"	"LDY-20571"	"[M]+"	"C22H48OSi"	"na"	"na"	"GCxGC HRToFMS"
"211"	"yee"	"LDY-20574"	"[M]+"	"C24H48"	"na"	"na"	"GCxGC HRToFMS"
"212"	"yee"	"LDY-20576"	"[M]+"	"C16H38O2Si2"	"na"	"na"	"GCxGC HRToFMS"
"213"	"yee"	"LDY-20578"	"[M]+"	"C32H66"	"na"	"na"	"GCxGC HRToFMS"
"214"	"yee"	"LDY-20585"	"[M]+"	"C18H38"	"na"	"na"	"GCxGC HRToFMS"
"215"	"yee"	"LDY-20586"	"[M]+"	"C12H26O4Si2"	"na"	"na"	"GCxGC HRToFMS"
"216"	"yee"	"LDY-20587"	"[M]+"	"C17H30O4Si2"	"na"	"na"	"GCxGC HRToFMS"
"217"	"yee"	"LDY-20588"	"[M]+"	"C15H24O4Si"	"na"	"na"	"GCxGC HRToFMS"
"218"	"yee"	"LDY-20590"	"[M]+"	"C13H28O2Si"	"na"	"na"	"GCxGC HRToFMS"
"219"	"yee"	"LDY-20591"	"[M]+"	"C8H15O3NSi"	"na"	"na"	"GCxGC HRToFMS"
"220"	"yee"	"LDY-20593"	"[M]+"	"C16H24O2Si2"	"na"	"na"	"GCxGC HRToFMS"
"221"	"yee"	"LDY-20594"	"[M]+"	"C18H44O5Si4"	"na"	"na"	"GCxGC HRToFMS"
"222"	"yee"	"LDY-20596"	"[M]+"	"C14H30O2Si"	"na"	"na"	"GCxGC HRToFMS"
"223"	"yee"	"LDY-20598"	"[M]+"	"C24H52OSi"	"na"	"na"	"GCxGC HRToFMS"
"224"	"yee"	"LDY-20601"	"[M]+"	"C26H40O5Si2"	"na"	"na"	"GCxGC HRToFMS"
"225"	"yee"	"LDY-20604"	"[M]+"	"C12H14O3Si"	"na"	"na"	"GCxGC HRToFMS"
"226"	"yee"	"LDY-20606"	"[M]+"	"C28H58"	"na"	"na"	"GCxGC HRToFMS"
"227"	"yee"	"LDY-20607"	"[M]+"	"C12H20O3Si"	"na"	"na"	"GCxGC HRToFMS"
"228"	"yee"	"LDY-20609"	"[M]+"	"C26H54OSi"	"na"	"na"	"GCxGC HRToFMS"
"229"	"yee"	"LDY-20611"	"[M]+"	"C18H42O6Si4"	"na"	"na"	"GCxGC HRToFMS"
"230"	"yee"	"LDY-20612"	"[M]+"	"C30H62"	"na"	"na"	"GCxGC HRToFMS"
"231"	"yee"	"LDY-20616"	"[M]+"	"C33H58OSi"	"na"	"na"	"GCxGC HRToFMS"
"232"	"yee"	"LDY-20617"	"[M]+"	"C21H40O2Si"	"na"	"na"	"GCxGC HRToFMS"
"233"	"yee"	"LDY-20619"	"[M]+"	"C16H26O4Si2"	"na"	"na"	"GCxGC HRToFMS"
"234"	"yee"	"LDY-20623"	"[M]+"	"C11H12O"	"na"	"na"	"GCxGC HRToFMS"
"235"	"yee"	"LDY-20624"	"[M]+"	"C12H32O3Si3"	"na"	"na"	"GCxGC HRToFMS"
"236"	"yee"	"LDY-20626"	"[M]+"	"C17H34O3Si3"	"na"	"na"	"GCxGC HRToFMS"
"237"	"yee"	"LDY-20631"	"[M]+"	"C19H42OSi"	"na"	"na"	"GCxGC HRToFMS"
"238"	"yee"	"LDY-20632"	"[M]+"	"C28H60O3Si2"	"na"	"na"	"GCxGC HRToFMS"
"239"	"yee"	"LDY-20634"	"[M]+"	"C15H28O3Si2"	"na"	"na"	"GCxGC HRToFMS"
"240"	"yee"	"LDY-20637"	"[M]+"	"C20H42O2Si"	"na"	"na"	"GCxGC HRToFMS"
"241"	"yee"	"LDY-20640"	"[M]+"	"C18H36O4Si3"	"na"	"na"	"GCxGC HRToFMS"
"242"	"yee"	"LDY-20641"	"[M]+"	"C15H26O2Si2"	"na"	"na"	"GCxGC HRToFMS"
"243"	"yee"	"LDY-20643"	"[M]+"	"C16H42O4Si4"	"na"	"na"	"GCxGC HRToFMS"
"244"	"yee"	"LDY-20644"	"[M]+"	"C26H54"	"na"	"na"	"GCxGC HRToFMS"
"245"	"yee"	"LDY-20648"	"[M]+"	"C16H40O5Si4"	"na"	"na"	"GCxGC HRToFMS"
"246"	"yee"	"LDY-20649"	"[M]+"	"C25H54O4Si2"	"na"	"na"	"GCxGC HRToFMS"
"247"	"yee"	"LDY-20650"	"[M]+"	"C20H52O5Si5"	"na"	"na"	"GCxGC HRToFMS"
"248"	"yee"	"LDY-20654"	"[M]+"	"C32H68OSi"	"na"	"na"	"GCxGC HRToFMS"
"249"	"yee"	"LDY-20655"	"[M]+"	"C16H40O5Si4"	"na"	"na"	"GCxGC HRToFMS"
"250"	"yee"	"LDY-20656"	"[M]+"	"C12H8O"	"na"	"na"	"GCxGC HRToFMS"
"251"	"yee"	"LDY-20657"	"[M]+"	"C14H26O2Si2"	"na"	"na"	"GCxGC HRToFMS"
"252"	"yee"	"LDY-20659"	"[M]+"	"C17H30O4Si2"	"na"	"na"	"GCxGC HRToFMS"
"253"	"yee"	"LDY-20661"	"[M]+"	"C16H36OSi"	"na"	"na"	"GCxGC HRToFMS"
"254"	"yee"	"LDY-20666"	"[M]+"	"C33H58OSi"	"na"	"na"	"GCxGC HRToFMS"
"255"	"yee"	"LDY-20667"	"[M]+"	"C22H34O4Si2"	"na"	"na"	"GCxGC HRToFMS"
"256"	"yee"	"LDY-20668"	"[M]+"	"C18H34O4Si3"	"na"	"na"	"GCxGC HRToFMS"
"257"	"yee"	"LDY-20669"	"[M]+"	"C33H68O2Si"	"na"	"na"	"GCxGC HRToFMS"
"258"	"yee"	"LDY-20672"	"[M]+"	"C23H38O2Si"	"na"	"na"	"GCxGC HRToFMS"
"259"	"yee"	"LDY-20673"	"[M]+"	"C17H38OSi"	"na"	"na"	"GCxGC HRToFMS"
"260"	"yee"	"LDY-20679"	"[M]+"	"C33H68"	"na"	"na"	"GCxGC HRToFMS"
"261"	"yee"	"LDY-20682"	"[M]+"	"C18H40OSi"	"na"	"na"	"GCxGC HRToFMS"
"262"	"yee"	"LDY-20692"	"[M]+"	"C32H58OSi"	"na"	"na"	"GCxGC HRToFMS"
"263"	"yee"	"LDY-20694"	"[M]+"	"C9H16O4Si"	"na"	"na"	"GCxGC HRToFMS"
"264"	"yee"	"LDY-20695"	"[M]+"	"C22H52O6Si5"	"na"	"na"	"GCxGC HRToFMS"
"265"	"yee"	"LDY-20696"	"[M]+"	"C21H46OSi"	"na"	"na"	"GCxGC HRToFMS"
"266"	"yee"	"LDY-20697"	"[M]+"	"C31H66OSi"	"na"	"na"	"GCxGC HRToFMS"
"267"	"yee"	"LDY-20699"	"[M]+"	"C19H40O2Si"	"na"	"na"	"GCxGC HRToFMS"
"268"	"yee"	"LDY-20703"	"[M]+"	"C27H58OSi"	"na"	"na"	"GCxGC HRToFMS"
"269"	"yee"	"LDY-20706"	"[M]+"	"C18H36O4Si3"	"na"	"na"	"GCxGC HRToFMS"
"270"	"yee"	"LDY-20708"	"[M]+"	"C19H40"	"na"	"na"	"GCxGC HRToFMS"
"271"	"yee"	"LDY-20712"	"[M]+"	"C10H14O2N2"	"na"	"na"	"GCxGC HRToFMS"
"272"	"yee"	"LDY-20714"	"[M]+"	"C19H38O5Si4"	"na"	"na"	"GCxGC HRToFMS"
"273"	"yee"	"LDY-20716"	"[M]+"	"C8H8O3"	"na"	"na"	"GCxGC HRToFMS"
"274"	"yee"	"LDY-20717"	"[M]+"	"C17H42O5Si4"	"na"	"na"	"GCxGC HRToFMS"
"275"	"yee"	"LDY-20723"	"[M]+"	"C22H48O3Si2"	"na"	"na"	"GCxGC HRToFMS"
"276"	"yee"	"LDY-20730"	"[M]+"	"C33H58OSi"	"na"	"na"	"GCxGC HRToFMS"
"277"	"yee"	"LDY-20731"	"[M]+"	"C15H24O5Si"	"na"	"na"	"GCxGC HRToFMS"
"278"	"yee"	"LDY-20737"	"[M]+"	"C25H52"	"na"	"na"	"GCxGC HRToFMS"
"279"	"yee"	"LDY-20738"	"[M]+"	"C19H46O6Si4"	"na"	"na"	"GCxGC HRToFMS"
"280"	"yee"	"LDY-20739"	"[M]+"	"C13H20O5Si"	"na"	"na"	"GCxGC HRToFMS"
"281"	"yee"	"LDY-20741"	"[M]+"	"C20H42"	"na"	"na"	"GCxGC HRToFMS"
"282"	"yee"	"LDY-20744"	"[M]+"	"C17H14O"	"na"	"na"	"GCxGC HRToFMS"
"283"	"yee"	"LDY-20760"	"[M]+"	"C25H50O2Si"	"na"	"na"	"GCxGC HRToFMS"
"284"	"yee"	"LDY-20761"	"[M]+"	"C10H22O4Si2"	"na"	"na"	"GCxGC HRToFMS"
"285"	"yee"	"LDY-20764"	"[M]+"	"C33H70OSi"	"na"	"na"	"GCxGC HRToFMS"
"286"	"yee"	"LDY-20768"	"[M]+"	"C31H64O2Si"	"na"	"na"	"GCxGC HRToFMS"
"287"	"yee"	"LDY-20781"	"[M]+"	"C25H50O2"	"na"	"na"	"GCxGC HRToFMS"
"288"	"yee"	"LDY-20785"	"[M]+"	"C27H56"	"na"	"na"	"GCxGC HRToFMS"
"289"	"yee"	"LDY-20790"	"[M]+"	"C14H25O4NSi2"	"na"	"na"	"GCxGC HRToFMS"
"290"	"yee"	"LDY-20796"	"[M]+"	"C16H42O4Si4"	"na"	"na"	"GCxGC HRToFMS"
"291"	"yee"	"LDY-20803"	"[M]+"	"C28H58O2Si"	"na"	"na"	"GCxGC HRToFMS"
"292"	"yee"	"LDY-20812"	"[M]+"	"C14H34O4Si3"	"na"	"na"	"GCxGC HRToFMS"
"293"	"yee"	"LDY-20813"	"[M]+"	"C21H44"	"na"	"na"	"GCxGC HRToFMS"
"294"	"yee"	"LDY-20817"	"[M]+"	"C15H18ON2Si"	"na"	"na"	"GCxGC HRToFMS"
"295"	"yee"	"LDY-20818"	"[M]+"	"C24H50"	"na"	"na"	"GCxGC HRToFMS"
"296"	"yee"	"LDY-20819"	"[M]+"	"C15H30O4Si2"	"na"	"na"	"GCxGC HRToFMS"
"297"	"yee"	"LDY-20824"	"[M]+"	"C20H42O2Si"	"na"	"na"	"GCxGC HRToFMS"
"298"	"yee"	"LDY-20825"	"[M]+"	"C22H46O2Si"	"na"	"na"	"GCxGC HRToFMS"
"299"	"yee"	"LDY-20826"	"[M]+"	"C18H36O2"	"na"	"na"	"GCxGC HRToFMS"
"300"	"yee"	"LDY-20828"	"[M]+"	"C17H42O5Si4"	"na"	"na"	"GCxGC HRToFMS"
"301"	"yee"	"LDY-20834"	"[M]+"	"C14H25O4NSi2"	"na"	"na"	"GCxGC HRToFMS"
"302"	"yee"	"LDY-20835"	"[M]+"	"C14H34O4Si3"	"na"	"na"	"GCxGC HRToFMS"
"303"	"yee"	"LDY-20837"	"[M]+"	"C23H46O2"	"na"	"na"	"GCxGC HRToFMS"
"304"	"yee"	"LDY-20838"	"[M]+"	"C17H42O5Si4"	"na"	"na"	"GCxGC HRToFMS"
"305"	"yee"	"LDY-20839"	"[M]+"	"C23H38O2Si"	"na"	"na"	"GCxGC HRToFMS"
"306"	"yee"	"LDY-20841"	"[M]+"	"C22H46O4Si2"	"na"	"na"	"GCxGC HRToFMS"
"307"	"yee"	"LDY-20842"	"[M]+"	"C16H30O2"	"na"	"na"	"GCxGC HRToFMS"
"308"	"yee"	"LDY-20844"	"[M]+"	"C16H28O3Si2"	"na"	"na"	"GCxGC HRToFMS"
"309"	"yee"	"LDY-20845"	"[M]+"	"C12H26O4Si2"	"na"	"na"	"GCxGC HRToFMS"
"310"	"yee"	"LDY-20846"	"[M]+"	"C23H50OSi"	"na"	"na"	"GCxGC HRToFMS"
"311"	"yee"	"LDY-20850"	"[M]+"	"C15H34OSi"	"na"	"na"	"GCxGC HRToFMS"
"312"	"yee"	"LDY-20856"	"[M]+"	"C14H34O4Si3"	"na"	"na"	"GCxGC HRToFMS"
"313"	"yee"	"LDY-20860"	"[M]+"	"C13H24O3Si2"	"na"	"na"	"GCxGC HRToFMS"
"314"	"yee"	"LDY-20866"	"[M]+"	"C22H54O6Si5"	"na"	"na"	"GCxGC HRToFMS"
"315"	"yee"	"LDY-20868"	"[M]+"	"C17H34O2"	"na"	"na"	"GCxGC HRToFMS"
"316"	"yee"	"LDY-20870"	"[M]+"	"C16H34O2Si"	"na"	"na"	"GCxGC HRToFMS"
"317"	"yee"	"LDY-20873"	"[M]+"	"C13H23O4NSi2"	"na"	"na"	"GCxGC HRToFMS"
"318"	"yee"	"LDY-20876"	"[M]+"	"C26H54O2Si"	"na"	"na"	"GCxGC HRToFMS"
"319"	"yee"	"LDY-20878"	"[M]+"	"C18H44O5Si4"	"na"	"na"	"GCxGC HRToFMS"
"320"	"yee"	"LDY-20881"	"[M]+"	"C24H50O2Si"	"na"	"na"	"GCxGC HRToFMS"
"321"	"yee"	"LDY-20884"	"[M]+"	"C31H64"	"na"	"na"	"GCxGC HRToFMS"
"322"	"yee"	"LDY-20889"	"[M]+"	"C21H28O3"	"na"	"na"	"GCxGC HRToFMS"
"323"	"yee"	"LDY-20893"	"[M]+"	"C18H38O2Si"	"na"	"na"	"GCxGC HRToFMS"
"324"	"yee"	"LDY-20895"	"[M]+"	"C22H46"	"na"	"na"	"GCxGC HRToFMS"
"325"	"yee"	"LDY-20899"	"[M]+"	"C23H46"	"na"	"na"	"GCxGC HRToFMS"
"326"	"yee"	"LDY-20901"	"[M]+"	"C20H30"	"na"	"na"	"GCxGC HRToFMS"
"327"	"yee"	"LDY-20905"	"[M]+"	"C29H62OSi"	"na"	"na"	"GCxGC HRToFMS"
"328"	"yee"	"LDY-20910"	"[M]+"	"C15H22O5Si"	"na"	"na"	"GCxGC HRToFMS"
"329"	"yee"	"LDY-20912"	"[M]+"	"C18H38O2Si"	"na"	"na"	"GCxGC HRToFMS"
"330"	"yee"	"LDY-20916"	"[M]+"	"C23H34O3Si"	"na"	"na"	"GCxGC HRToFMS"
"331"	"yee"	"LDY-20922"	"[M]+"	"C14H32O5Si3"	"na"	"na"	"GCxGC HRToFMS"
"332"	"yee"	"LDY-20924"	"[M]+"	"C15H34O5Si3"	"na"	"na"	"GCxGC HRToFMS"
"333"	"yee"	"LDY-20926"	"[M]+"	"C21H34O2"	"na"	"na"	"GCxGC HRToFMS"
"334"	"yee"	"LDY-20927"	"[M]+"	"C13H8O"	"na"	"na"	"GCxGC HRToFMS"
"335"	"yee"	"LDY-20930"	"[M]+"	"C13H22O3Si2"	"na"	"na"	"GCxGC HRToFMS"
"336"	"yee"	"LDY-20931"	"[M]+"	"C20H52O5Si5"	"na"	"na"	"GCxGC HRToFMS"
"337"	"yee"	"LDY-20936"	"[M]+"	"C15H30O3Si3"	"na"	"na"	"GCxGC HRToFMS"
"338"	"yee"	"LDY-20939"	"[M]+"	"C16H30O3Si2"	"na"	"na"	"GCxGC HRToFMS"
"339"	"yee"	"LDY-20945"	"[M]+"	"C15H26O4Si2"	"na"	"na"	"GCxGC HRToFMS"
"340"	"yee"	"LDY-20948"	"[M]+"	"C13H30O5Si3"	"na"	"na"	"GCxGC HRToFMS"
"341"	"yee"	"LDY-20949"	"[M]+"	"C20H42O2Si"	"na"	"na"	"GCxGC HRToFMS"
"342"	"yee"	"LDY-20981"	"[M]+"	"C18H18"	"na"	"na"	"GCxGC HRToFMS"
"343"	"yee"	"LDY-20987"	"[M]+"	"C27H58OSi"	"na"	"na"	"GCxGC HRToFMS"
"344"	"yee"	"LDY-20995"	"[M]+"	"C29H60"	"na"	"na"	"GCxGC HRToFMS"
"345"	"yee"	"LDY-21005"	"[M]+"	"C14H26O5NSi2"	"na"	"na"	"GCxGC HRToFMS"
"346"	"yee"	"LDY-21006"	"[M]+"	"C10H15O4NSi"	"na"	"na"	"GCxGC HRToFMS"
"347"	"yee"	"LDY-21031"	"[M]+"	"C25H54OSi"	"na"	"na"	"GCxGC HRToFMS"
"348"	"yee"	"LDY-21036"	"[M]+"	"C13H23O4NSi2"	"na"	"na"	"GCxGC HRToFMS"
"349"	"yee"	"LDY-21040"	"[M]+"	"C18H36O"	"na"	"na"	"GCxGC HRToFMS"
"350"	"yee"	"LDY-21041"	"[M]+"	"C21H30O2"	"na"	"na"	"GCxGC HRToFMS"
"351"	"yee"	"LDY-21047"	"[M]+"	"C12H21O4NSi2"	"na"	"na"	"GCxGC HRToFMS"
"352"	"yee"	"LDY-21059"	"[M]+"	"C13H23O4NSi2"	"na"	"na"	"GCxGC HRToFMS"
"353"	"yee"	"LDY-21086"	"[M]+"	"C13H10O"	"na"	"na"	"GCxGC HRToFMS"
"354"	"yee"	"LDY-21096"	"[M]+"	"C10H14N2"	"na"	"na"	"GCxGC HRToFMS"
"355"	"yee"	"LDY-21097"	"[M]+"	"C34H70"	"na"	"na"	"GCxGC HRToFMS"
"356"	"yee"	"LDY-21109"	"[M]+"	"C10H14O3"	"na"	"na"	"GCxGC HRToFMS"
"357"	"yee"	"LDY-21114"	"[M]+"	"C9H6O3"	"na"	"na"	"GCxGC HRToFMS"
"358"	"yee"	"LDY-21115"	"[M]+"	"C15H22O2"	"na"	"na"	"GCxGC HRToFMS"
"359"	"yee"	"LDY-21118"	"[M]+"	"C15H30O4Si2"	"na"	"na"	"GCxGC HRToFMS"
"360"	"yee"	"LDY-21119"	"[M]+"	"C19H40O2Si1"	"na"	"na"	"GCxGC HRToFMS"
"361"	"yee"	"LDY-21120"	"[M]+"	"C13H26O5Si2"	"na"	"na"	"GCxGC HRToFMS"
"362"	"yee"	"LDY-21121"	"[M]+"	"C14H32O5Si3"	"na"	"na"	"GCxGC HRToFMS"
"363"	"yee"	"LDY-21122"	"[M]+"	"C17H36O6Si3"	"na"	"na"	"GCxGC HRToFMS"
"364"	"yee"	"LDY-21123"	"[M]+"	"C16H32O"	"na"	"na"	"GCxGC HRToFMS"
"365"	"yee"	"LDY-21124"	"[M]+"	"C15H34O5Si3"	"na"	"na"	"GCxGC HRToFMS"
"366"	"yee"	"LDY-21125"	"[M]+"	"C19H40O3Si3"	"na"	"na"	"GCxGC HRToFMS"
"367"	"yee"	"LDY-21126"	"[M]+"	"C13H30O5Si3"	"na"	"na"	"GCxGC HRToFMS"
"368"	"yee"	"LDY-21127"	"[M]+"	"C16H32O4Si2"	"na"	"na"	"GCxGC HRToFMS"
"369"	"yee"	"LDY-21128"	"[M]+"	"C17H36O6Si3"	"na"	"na"	"GCxGC HRToFMS"
"370"	"yee"	"LDY-21130"	"[M]+"	"C15H32O6Si3"	"na"	"na"	"GCxGC HRToFMS"
"371"	"yee"	"LDY-21132"	"[M]+"	"C17H44O4Si4"	"na"	"na"	"GCxGC HRToFMS"
"372"	"yee"	"LDY-21133"	"[M]+"	"C13H24O3Si1"	"na"	"na"	"GCxGC HRToFMS"
"373"	"yee"	"LDY-21139"	"[M]+"	"C18H36O"	"na"	"na"	"GCxGC HRToFMS"
"374"	"yee"	"LDY-21142"	"[M]+"	"C17H44O4Si4"	"na"	"na"	"GCxGC HRToFMS"
"375"	"yee"	"LDY-21143"	"[M]+"	"C17H40O6Si4"	"na"	"na"	"GCxGC HRToFMS"
"376"	"yee"	"LDY-21151"	"[M]+"	"C14H22O4Si2"	"na"	"na"	"GCxGC HRToFMS"
"377"	"yee"	"LDY-21153"	"[M]+"	"C13H26O5Si2"	"na"	"na"	"GCxGC HRToFMS"
"378"	"yee"	"LDY-21154"	"[M]+"	"C15H32O2Si1"	"na"	"na"	"GCxGC HRToFMS"
"379"	"yee"	"LDY-21158"	"[M]+"	"C17H44O4Si4"	"na"	"na"	"GCxGC HRToFMS"
"380"	"yee"	"LDY-21160"	"[M]+"	"C17H44O4Si4"	"na"	"na"	"GCxGC HRToFMS"
"381"	"yee"	"LDY-21161"	"[M]+"	"C15H34O5Si3"	"na"	"na"	"GCxGC HRToFMS"
"382"	"yee"	"LDY-21162"	"[M]+"	"C21H44O2Si1"	"na"	"na"	"GCxGC HRToFMS"
"383"	"yee"	"LDY-21164"	"[M]+"	"C16H38O6Si4"	"na"	"na"	"GCxGC HRToFMS"
"384"	"yee"	"LDY-21170"	"[M]+"	"C16H36O5Si3"	"na"	"na"	"GCxGC HRToFMS"
"385"	"yee"	"LDY-21179"	"[M]+"	"C10H16O2"	"na"	"na"	"GCxGC HRToFMS"
"386"	"yee"	"LDY-21184"	"[M]+"	"C15H32O4Si2"	"na"	"na"	"GCxGC HRToFMS"
"387"	"yee"	"LDY-21186"	"[M]+"	"C16H38O6Si4"	"na"	"na"	"GCxGC HRToFMS"
"388"	"yee"	"LDY-21187"	"[M]+"	"C13H22O3Si2"	"na"	"na"	"GCxGC HRToFMS"
"389"	"yee"	"LDY-21191"	"[M]+"	"C18H40O1Si1"	"na"	"na"	"GCxGC HRToFMS"
"390"	"yee"	"LDY-21195"	"[M]+"	"C17H40O6Si4"	"na"	"na"	"GCxGC HRToFMS"
"391"	"yee"	"LDY-21197"	"[M]+"	"C17H36O2Si1"	"na"	"na"	"GCxGC HRToFMS"
"392"	"yee"	"LDY-21198"	"[M]+"	"C14H34O3Si3"	"na"	"na"	"GCxGC HRToFMS"
"393"	"yee"	"LDY-21200"	"[M]+"	"C10H16O2"	"na"	"na"	"GCxGC HRToFMS"
"394"	"yee"	"LDY-21205"	"[M]+"	"C16H38O6Si4"	"na"	"na"	"GCxGC HRToFMS"
"395"	"yee"	"LDY-21213"	"[M]+"	"C17H30O4Si1"	"na"	"na"	"GCxGC HRToFMS"
"396"	"yee"	"LDY-21216"	"[M]+"	"C16H30O2"	"na"	"na"	"GCxGC HRToFMS"
"397"	"yee"	"LDY-21219"	"[M]+"	"C16H38O6Si4"	"na"	"na"	"GCxGC HRToFMS"
"398"	"yee"	"LDY-21228"	"[M]+"	"C14H34O3Si3"	"na"	"na"	"GCxGC HRToFMS"
"399"	"yee"	"LDY-21247"	"[M]+"	"C14H22O4Si2"	"na"	"na"	"GCxGC HRToFMS"
"400"	"yee"	"LDY-21257"	"[M]+"	"C20H34O"	"na"	"na"	"GCxGC HRToFMS"
"401"	"yee"	"LDY-21260"	"[M]+"	"C12H16O3"	"na"	"na"	"GCxGC HRToFMS"
"402"	"yee"	"LDY-21263"	"[M]+"	"C16H36O2Si1"	"na"	"na"	"GCxGC HRToFMS"
"403"	"yee"	"LDY-21280"	"[M]+"	"C16H40O5Si4"	"na"	"na"	"GCxGC HRToFMS"
"404"	"yee"	"LDY-21304"	"[M]+"	"C12H14O4"	"na"	"na"	"GCxGC HRToFMS"
"405"	"yee"	"LDY-21317"	"[M]+"	"C15H34O5Si3"	"na"	"na"	"GCxGC HRToFMS"
"406"	"yee"	"LDY-21318"	"[M]+"	"C18H38O2Si1"	"na"	"na"	"GCxGC HRToFMS"
"407"	"yee"	"LDY-21337"	"[M]+"	"C16H40O5Si4"	"na"	"na"	"GCxGC HRToFMS"
"408"	"yee"	"LDY-21339"	"[M]+"	"C12H26O4Si2"	"na"	"na"	"GCxGC HRToFMS"
"409"	"yee"	"LDY-21352"	"[M]+"	"C15H30O4Si2"	"na"	"na"	"GCxGC HRToFMS"
"410"	"yee"	"LDY-21358"	"[M]+"	"C18H26O4"	"na"	"na"	"GCxGC HRToFMS"
"411"	"yee"	"LDY-21361"	"[M]+"	"C19H42O1Si1"	"na"	"na"	"GCxGC HRToFMS"
"412"	"yee"	"LDY-21381"	"[M]+"	"C20H34O"	"na"	"na"	"GCxGC HRToFMS"
"413"	"yee"	"LDY-21389"	"[M]+"	"C16H42O4Si4"	"na"	"na"	"GCxGC HRToFMS"
"414"	"yee"	"LDY-21417"	"[M]+"	"C17H38O1Si1"	"na"	"na"	"GCxGC HRToFMS"
"415"	"yee"	"LDY-21419"	"[M]+"	"C13H34O3Si3"	"na"	"na"	"GCxGC HRToFMS"
"416"	"yee"	"LDY-21424"	"[M]+"	"C17H34O2"	"na"	"na"	"GCxGC HRToFMS"
"417"	"yee"	"LDY-21442"	"[M]+"	"C20H50O6Si5"	"na"	"na"	"GCxGC HRToFMS"
"418"	"yee"	"LDY-21492"	"[M]+"	"C17H36"	"na"	"na"	"GCxGC HRToFMS"
"419"	"yee"	"LDY-21498"	"[M]+"	"C13H22O3Si2"	"na"	"na"	"GCxGC HRToFMS"
"420"	"yee"	"LDY-21507"	"[M]+"	"C21H44"	"na"	"na"	"GCxGC HRToFMS"
"421"	"yee"	"LDY-21515"	"[M]+"	"C14H32O5Si3"	"na"	"na"	"GCxGC HRToFMS"
"422"	"yee"	"LDY-21516"	"[M]+"	"C18H38"	"na"	"na"	"GCxGC HRToFMS"
"423"	"yee"	"LDY-21519"	"[M]+"	"C13H34O3Si3"	"na"	"na"	"GCxGC HRToFMS"
"424"	"yee"	"LDY-21573"	"[M]+"	"C14H34O3Si3"	"na"	"na"	"GCxGC HRToFMS"
"425"	"yee"	"LDY-21593"	"[M]+"	"C18H40O1Si1"	"na"	"na"	"GCxGC HRToFMS"
"426"	"yee"	"LDY-21625"	"[M]+"	"C13H28O2Si1"	"na"	"na"	"GCxGC HRToFMS"
"427"	"yee"	"LDY-21647"	"[M]+"	"C12H17NO"	"na"	"na"	"GCxGC HRToFMS"
"428"	"yee"	"LDY-21648"	"[M]+"	"C14H30O2Si1"	"na"	"na"	"GCxGC HRToFMS"
"429"	"yee"	"LDY-21686"	"[M]+"	"C20H38O4Si2"	"na"	"na"	"GCxGC HRToFMS"
"430"	"yee"	"LDY-21707"	"[M]+"	"C16H34"	"na"	"na"	"GCxGC HRToFMS"
"431"	"yee"	"LDY-21711"	"[M]+"	"C23H48"	"na"	"na"	"GCxGC HRToFMS"
"432"	"yee"	"LDY-21718"	"[M]+"	"C12H32O3Si3"	"na"	"na"	"GCxGC HRToFMS"
"433"	"yee"	"LDY-21726"	"[M]+"	"C3H16O3Si1"	"na"	"na"	"GCxGC HRToFMS"
"434"	"yee"	"LDY-21731"	"[M]+"	"C16H36O1Si1"	"na"	"na"	"GCxGC HRToFMS"
"435"	"yee"	"LDY-21732"	"[M]+"	"C20H42O2Si1"	"na"	"na"	"GCxGC HRToFMS"
"436"	"yee"	"LDY-21735"	"[M]+"	"C15H34O1Si1"	"na"	"na"	"GCxGC HRToFMS"
"437"	"yee"	"LDY-21744"	"[M]+"	"C12H28O4Si3"	"na"	"na"	"GCxGC HRToFMS"
"438"	"yee"	"LDY-21749"	"[M]+"	"C23H36O2Si1"	"na"	"na"	"GCxGC HRToFMS"
"439"	"yee"	"LDY-21750"	"[M]+"	"C21H30O2"	"na"	"na"	"GCxGC HRToFMS"
"440"	"yee"	"LDY-21753"	"[M]+"	"C9H20O4Si2"	"na"	"na"	"GCxGC HRToFMS"
"441"	"yee"	"LDY-21756"	"[M]+"	"C13H32O4Si3"	"na"	"na"	"GCxGC HRToFMS"
"442"	"yee"	"LDY-21759"	"[M]+"	"C21H46O1Si1"	"na"	"na"	"GCxGC HRToFMS"
"443"	"yee"	"LDY-21760"	"[M]+"	"C13H32O4Si3"	"na"	"na"	"GCxGC HRToFMS"
"444"	"yee"	"LDY-21765"	"[M]+"	"C22H46"	"na"	"na"	"GCxGC HRToFMS"
"445"	"yee"	"LDY-21772"	"[M]+"	"C19H40"	"na"	"na"	"GCxGC HRToFMS"
"446"	"yee"	"LDY-21775"	"[M]+"	"C15H32"	"na"	"na"	"GCxGC HRToFMS"
"447"	"yee"	"LDY-21780"	"[M]+"	"C20H44O1Si1"	"na"	"na"	"GCxGC HRToFMS"
"448"	"yee"	"LDY-21793"	"[M]+"	"C12H22O2Si2"	"na"	"na"	"GCxGC HRToFMS"
"449"	"yee"	"LDY-21796"	"[M]+"	"C17H36"	"na"	"na"	"GCxGC HRToFMS"
"450"	"yee"	"LDY-21798"	"[M]+"	"C12H26O2Si1"	"na"	"na"	"GCxGC HRToFMS"
"451"	"yee"	"LDY-21803"	"[M]+"	"C19H40"	"na"	"na"	"GCxGC HRToFMS"
"452"	"yee"	"LDY-21809"	"[M]+"	"C23H48O2Si1"	"na"	"na"	"GCxGC HRToFMS"
"453"	"yee"	"LDY-21810"	"[M]+"	"C25H52O2Si1"	"na"	"na"	"GCxGC HRToFMS"
"454"	"yee"	"LDY-21811"	"[M]+"	"C26H54O2Si1"	"na"	"na"	"GCxGC HRToFMS"
"455"	"yee"	"LDY-21812"	"[M]+"	"C27H56O2Si1"	"na"	"na"	"GCxGC HRToFMS"
"456"	"yee"	"LDY-21813"	"[M]+"	"C29H60O2Si1"	"na"	"na"	"GCxGC HRToFMS"
"457"	"yee"	"LDY-21814"	"[M]+"	"C31H64O2Si1"	"na"	"na"	"GCxGC HRToFMS"
"458"	"yee"	"LDY-21815"	"[M]+"	"C14H30"	"na"	"na"	"GCxGC HRToFMS"
"459"	"yee"	"LDY-21816"	"[M]+"	"C20H42"	"na"	"na"	"GCxGC HRToFMS"
"460"	"yee"	"LDY-21817"	"[M]+"	"C24H50"	"na"	"na"	"GCxGC HRToFMS"
"461"	"yee"	"LDY-21818"	"[M]+"	"C25H52"	"na"	"na"	"GCxGC HRToFMS"
"462"	"yee"	"LDY-21819"	"[M]+"	"C26H54"	"na"	"na"	"GCxGC HRToFMS"
"463"	"yee"	"LDY-21820"	"[M]+"	"C27H56"	"na"	"na"	"GCxGC HRToFMS"
"464"	"yee"	"LDY-21821"	"[M]+"	"C28H58"	"na"	"na"	"GCxGC HRToFMS"
"465"	"yee"	"LDY-21822"	"[M]+"	"C29H60"	"na"	"na"	"GCxGC HRToFMS"
"466"	"yee"	"LDY-21823"	"[M]+"	"C31H64"	"na"	"na"	"GCxGC HRToFMS"
"467"	"yee"	"LDY-21830"	"[M]+"	"C14H36O3Si3"	"na"	"na"	"GCxGC HRToFMS"
"468"	"yee"	"LDY-21835"	"[M]+"	"C20H40O2"	"na"	"na"	"GCxGC HRToFMS"
"469"	"yee"	"LDY-21859"	"[M]+"	"C15H34O5Si3"	"na"	"na"	"GCxGC HRToFMS"
"470"	"yee"	"LDY-21861"	"[M]+"	"C12H21NO4Si2"	"na"	"na"	"GCxGC HRToFMS"
"471"	"yee"	"LDY-21863"	"[M]+"	"C14H24O4Si2"	"na"	"na"	"GCxGC HRToFMS"
"472"	"yee"	"LDY-21890"	"[M]+"	"C28H56O2"	"na"	"na"	"GCxGC HRToFMS"
"473"	"yee"	"LDY-21893"	"[M]+"	"C30H62"	"na"	"na"	"GCxGC HRToFMS"
"474"	"yee"	"LDY-21894"	"[M]+"	"C30H50"	"na"	"na"	"GCxGC HRToFMS"
"475"	"yee"	"LDY-21898"	"[M]+"	"C27H44"	"na"	"na"	"GCxGC HRToFMS"
"476"	"yee"	"LDY-21920"	"[M]+"	"C13H23NO4Si2"	"na"	"na"	"GCxGC HRToFMS"
