rank	ikey	smi	dist	name	form
0	DFPAKSUCGFBDDF-UHFFFAOYSA-N	NC(=O)c1cccnc1	0.009429507064499187	120	C6H6N2O
1	VFQXVTODMYMSMJ-UHFFFAOYSA-N	NC(=O)c1ccncc1	0.304686258693999	120	C6H6N2O
2	DBZAKQWXICEWNW-UHFFFAOYSA-N	CC(=O)c1cnccn1	0.5477503891423023	120	C6H6N2O
3	QNJCRBZVUFRESB-UHFFFAOYSA-N	Nc1cccnc1C=O	0.5909124729979945	120	C6H6N2O
4	IBBMAWULFFBRKK-UHFFFAOYSA-N	N=C(O)c1ccccn1	0.670111420108764	120	C6H6N2O
5	NZNHTKNELYIQNB-UHFFFAOYSA-N	O=NCc1ccccn1	0.6817505133595073	120	C6H6N2O
6	MTFJSAGADRTKCI-UHFFFAOYSA-N	ON=Cc1ccccn1	0.724957679721511	120	C6H6N2O
0	GVRKWABULJAONN-UHFFFAOYSA-N	CC(C)C(N)C(=O)NC(C(=O)O)C(C)O	0.12028447413461552	134	C9H18N2O4
1	CKHWEVXPLJBEOZ-UHFFFAOYSA-N	CC(C)C(NC(=O)C(N)C(C)O)C(=O)O	0.15904981506555682	134	C9H18N2O4
2	BXLYSRPHVMCOPS-UHFFFAOYSA-N	CCC(C)C(NC(=O)C(N)CO)C(=O)O	0.3094420401122714	134	C9H18N2O4
3	TWVKGYNQQAUNRN-UHFFFAOYSA-N	CCC(C)C(N)C(=O)NC(CO)C(=O)O	0.31492034833151406	134	C9H18N2O4
4	NFDYGNFETJVMSE-UHFFFAOYSA-N	CC(C)CC(NC(=O)C(N)CO)C(=O)O	0.3657168576430866	134	C9H18N2O4
5	XCYPSOHOIAZISD-UHFFFAOYSA-N	CC(NCCCCC(N)C(=O)O)C(=O)O	0.46957917467868426	134	C9H18N2O4
6	XGDCYUQSFDQISZ-UHFFFAOYSA-N	CC(C)CC(N)C(O)=NC(CO)C(=O)O	0.5004279580706881	134	C9H18N2O4
7	ZZYYVZYAZCMNPG-UHFFFAOYSA-N	CC(NC(CCCCN)C(=O)O)C(=O)O	0.508313348826478	134	C9H18N2O4
8	HZOQMZBZPWLKIO-UHFFFAOYSA-N	CC(C)CC(N)(NC(C)C(=O)O)C(=O)O	0.5146085152243804	134	C9H18N2O4
9	SPBWCBIQZFYDOE-UHFFFAOYSA-N	NC(CCCCNCCC(=O)O)C(=O)O	0.5678156993248953	134	C9H18N2O4
10	ALXLJPPLHFRKEJ-UHFFFAOYSA-N	NC(CCCC(N)C(=O)O)CCC(=O)O	0.577691852708363	134	C9H18N2O4
11	AMMYIDAXRNSZSJ-UHFFFAOYSA-N	CC(C)(CO)C(O)C(=O)NCCC(N)=O	0.5907950834604325	134	C9H18N2O4
12	UENLDOJJKXLRJI-UHFFFAOYSA-N	NCCCCC(NCCC(=O)O)C(=O)O	0.6066590654858159	134	C9H18N2O4
13	VSYMNDBTCKIDLT-UHFFFAOYSA-N	CCC(CC)(COC(N)=O)COC(N)=O	0.7125137993649087	134	C9H18N2O4
14	NPPQSCRMBWNHMW-UHFFFAOYSA-N	CCCC(C)(COC(N)=O)COC(N)=O	0.7307707119920744	134	C9H18N2O4
0	MRBKRZAPGUCWOS-UHFFFAOYSA-N	Nc1cc(C(=O)O)ccc1O	0.1357951613206747	146	C7H7NO3
1	KBOPZPXVLCULAV-UHFFFAOYSA-N	Nc1ccc(O)c(C(=O)O)c1	0.23410457057046175	146	C7H7NO3
2	WJXSWCUQABXPFS-UHFFFAOYSA-N	Nc1c(O)cccc1C(=O)O	0.25511178051260197	146	C7H7NO3
3	IQGMRVWUTCYCST-UHFFFAOYSA-N	Nc1cccc(C(=O)O)c1O	0.2641824291712084	146	C7H7NO3
4	QPEJHSFTZVMSJH-UHFFFAOYSA-N	Nc1cc(O)cc(C(=O)O)c1	0.26832193452594166	146	C7H7NO3
5	WUBBRNOQWQTFEX-UHFFFAOYSA-N	Nc1ccc(C(=O)O)c(O)c1	0.27399969210541686	146	C7H7NO3
6	FRXZIFVYTNMCHF-UHFFFAOYSA-N	NC(=O)c1cc(O)ccc1O	0.37796592591896605	146	C7H7NO3
7	NBGAYCYFNGPNPV-UHFFFAOYSA-N	NOc1ccccc1C(=O)O	0.38588350146000694	146	C7H7NO3
8	NVDJVEQITUWZDT-UHFFFAOYSA-N	COc1ccc(C(=O)O)cn1	0.43274390326644807	146	C7H7NO3
9	HBROZNQEVUILML-UHFFFAOYSA-N	O=C(NO)c1ccccc1O	0.44112969104134725	146	C7H7NO3
10	SYDNSSSQVSOXTN-UHFFFAOYSA-N	Cc1ccc(O)c([N+](=O)[O-])c1	0.5987738999590362	146	C7H7NO3
11	PIIZYNQECPTVEO-UHFFFAOYSA-N	Cc1cc(O)ccc1[N+](=O)[O-]	0.6431935750150457	146	C7H7NO3
12	JTLUWNHUNIMIFA-UHFFFAOYSA-N	NC(=O)C1=C(C=O)C=CCO1	0.7101866721867128	146	C7H7NO3
13	JKTYGPATCNUWKN-UHFFFAOYSA-N	O=[N+]([O-])c1ccc(CO)cc1	0.7190221612143334	146	C7H7NO3
14	BNUHAJGCKIQFGE-UHFFFAOYSA-N	COc1ccc([N+](=O)[O-])cc1	0.7831963633484386	146	C7H7NO3
0	MHWYRGPPKCKIQY-UHFFFAOYSA-N	CC(NC(C(=O)O)C(C)C)C(=O)O	0.4196997874709779	157	C8H15NO4
1	IJKKTQLUXOILBQ-UHFFFAOYSA-N	CC(O)C(=O)NC(C(=O)O)C(C)C	0.44740916239877726	157	C8H15NO4
2	MXWMFBYWXMXRPD-UHFFFAOYSA-N	CC(C)(C)OC(=O)CC(N)C(=O)O	0.5682984723284923	157	C8H15NO4
3	YAFMZZZZHXVTEJ-UHFFFAOYSA-N	CC(O)CCCC(O)=NCC(=O)O	0.5721188217863299	157	C8H15NO4
4	MBBNCIKYWHIZGN-UHFFFAOYSA-N	CCCCC(NCC(=O)O)C(=O)O	0.574467292034601	157	C8H15NO4
5	WTIGXLNNRAGPIV-UHFFFAOYSA-N	C[N+](C)(C)C(CCC(=O)O)C(=O)[O-]	0.5936681468347207	157	C8H15NO4
6	MRWDIRTUXFYBHJ-UHFFFAOYSA-N	CCC(O)CCC(O)=NCC(=O)O	0.6085112935656378	157	C8H15NO4
7	YQMRIHFIEQHCOJ-UHFFFAOYSA-N	CCCCC(O)C(O)=NCC(=O)O	0.6095868639142664	157	C8H15NO4
8	AYNJYFWPCLXDNL-UHFFFAOYSA-N	CCCC(O)CC(O)=NCC(=O)O	0.6157311044821376	157	C8H15NO4
9	GZDWTPRPLBRISA-UHFFFAOYSA-N	CN1C2CCC1(O)C(O)C(O)C2O	0.7068398233242261	157	C8H15NO4
10	JDVVGAQPNNXQDW-UHFFFAOYSA-N	OC1CN2CCC(O)C2C(O)C1O	0.7215211110482428	157	C8H15NO4
0	LOIYMIARKYCTBW-UHFFFAOYSA-N	O=C(O)C=Cc1c[nH]cn1	0.3594720651617753	188	C6H6N2O2
1	RBYJWCRKFLGNDB-UHFFFAOYSA-N	Cc1cnc(C(=O)O)cn1	0.5999194190560138	188	C6H6N2O2
2	IYCHDNQCHLMLJZ-UHFFFAOYSA-N	O=C(NO)c1cccnc1	0.6127496781449973	188	C6H6N2O2
3	UDTVJEZIOILIRG-UHFFFAOYSA-N	NC(=O)c1cnccc1O	0.6180596430070426	188	C6H6N2O2
4	BOOMHTFCWOJWFO-UHFFFAOYSA-N	Nc1cccnc1C(=O)O	0.6572680804826274	188	C6H6N2O2
5	KPIVDNYJNOPGBE-UHFFFAOYSA-N	Nc1ncccc1C(=O)O	0.657290873438735	188	C6H6N2O2
6	NGPNYDVHEUXWIA-UHFFFAOYSA-N	NC(=O)c1ccc(=O)[nH]c1	0.6780696484144852	188	C6H6N2O2
7	IZDSWWYQJKEPQW-UHFFFAOYSA-N	NC(=O)n1ccccc1=O	0.7738258309872175	188	C6H6N2O2
8	USSFUVKEHXDAPM-UHFFFAOYSA-N	NC(=O)c1ccc[n+]([O-])c1	0.7844819764040131	188	C6H6N2O2
9	VBEGHXKAFSLLGE-UHFFFAOYSA-N	O=[N+]([O-])Nc1ccccc1	0.8458858994810476	188	C6H6N2O2
10	TYMLOMAKGOJONV-UHFFFAOYSA-N	Nc1ccc([N+](=O)[O-])cc1	0.8535864413646204	188	C6H6N2O2
11	DNSSEQBYSHSUGR-UHFFFAOYSA-N	N#CCCn1ccc(=O)o1	0.8601198365212273	188	C6H6N2O2
12	PTPLXVHPKMTVIW-UHFFFAOYSA-N	[O-][N+](=NO)c1ccccc1	0.8609774505179016	188	C6H6N2O2
13	XJCVRTZCHMZPBD-UHFFFAOYSA-N	Nc1cccc([N+](=O)[O-])c1	0.8642777362092043	188	C6H6N2O2
14	HGFVJSMTWKYHDQ-UHFFFAOYSA-N	Nc1cccc(ON=O)c1	0.8673034252917091	188	C6H6N2O2
